-- phpMyAdmin SQL Dump
-- version 5.0.2
-- https://www.phpmyadmin.net/
--
-- Servidor: 127.0.0.1:3306
-- Tiempo de generación: 15-12-2020 a las 19:36:07
-- Versión del servidor: 5.7.31
-- Versión de PHP: 7.3.21

SET SQL_MODE = "NO_AUTO_VALUE_ON_ZERO";
START TRANSACTION;
SET time_zone = "+00:00";


/*!40101 SET @OLD_CHARACTER_SET_CLIENT=@@CHARACTER_SET_CLIENT */;
/*!40101 SET @OLD_CHARACTER_SET_RESULTS=@@CHARACTER_SET_RESULTS */;
/*!40101 SET @OLD_COLLATION_CONNECTION=@@COLLATION_CONNECTION */;
/*!40101 SET NAMES utf8mb4 */;

--
-- Base de datos: `pendientesbd`
--

-- --------------------------------------------------------

--
-- Estructura de tabla para la tabla `horario`
--

DROP TABLE IF EXISTS `horario`;
CREATE TABLE IF NOT EXISTS `horario` (
  `id_hora` varchar(14) COLLATE utf8_unicode_ci NOT NULL,
  `dni_usu` int(8) NOT NULL,
  `fecha_hora` date NOT NULL,
  `turno_hora` varchar(20) COLLATE utf8_unicode_ci NOT NULL,
  `fech_reg_hora` datetime DEFAULT NULL,
  `user_reg_hora` varchar(50) COLLATE utf8_unicode_ci DEFAULT NULL,
  PRIMARY KEY (`id_hora`)
) ENGINE=MyISAM DEFAULT CHARSET=utf8 COLLATE=utf8_unicode_ci;

--
-- Volcado de datos para la tabla `horario`
--

INSERT INTO `horario` (`id_hora`, `dni_usu`, `fecha_hora`, `turno_hora`, `fech_reg_hora`, `user_reg_hora`) VALUES
('46213633121220', 46213633, '2020-12-12', 'mt', '2020-12-01 08:29:36', '44740429'),
('46213633111220', 46213633, '2020-12-11', '--', '2020-12-01 08:29:36', '44740429'),
('46213633101220', 46213633, '2020-12-10', 'mt', '2020-12-01 08:29:36', '44740429'),
('4621363391220', 46213633, '2020-12-09', '--', '2020-12-01 08:29:36', '44740429'),
('4621363381220', 46213633, '2020-12-08', 'tn', '2020-12-01 08:29:36', '44740429'),
('4621363371220', 46213633, '2020-12-07', '--', '2020-12-01 08:29:36', '44740429'),
('4621363361220', 46213633, '2020-12-06', 'mt', '2020-12-01 08:29:36', '44740429'),
('4621363351220', 46213633, '2020-12-05', '--', '2020-12-01 08:29:36', '44740429'),
('46213633301120', 46213633, '2020-11-30', 'mt', '2020-11-15 12:51:53', '44740429'),
('46213633291120', 46213633, '2020-11-29', '--', '2020-11-15 12:51:53', '44740429'),
('46213633281120', 46213633, '2020-11-28', 'tn', '2020-11-15 12:51:53', '44740429'),
('46213633271120', 46213633, '2020-11-27', '--', '2020-11-15 12:51:53', '44740429'),
('46213633261120', 46213633, '2020-11-26', 'mt', '2020-11-15 12:51:53', '44740429'),
('46213633251120', 46213633, '2020-11-25', '--', '2020-11-15 12:51:53', '44740429'),
('46213633241120', 46213633, '2020-11-24', 'tn', '2020-11-15 12:51:53', '44740429'),
('46213633231120', 46213633, '2020-11-23', '--', '2020-11-15 12:51:53', '44740429'),
('46213633221120', 46213633, '2020-11-22', 'mt', '2020-11-15 12:51:53', '44740429'),
('46213633211120', 46213633, '2020-11-21', '--', '2020-11-15 12:51:53', '44740429'),
('46213633201120', 46213633, '2020-11-20', 'tn', '2020-11-15 12:51:53', '44740429'),
('46213633191120', 46213633, '2020-11-19', '--', '2020-11-15 12:51:53', '44740429'),
('46213633181120', 46213633, '2020-11-18', 'mt', '2020-11-15 12:51:53', '44740429'),
('46213633171120', 46213633, '2020-11-17', '--', '2020-11-15 12:51:53', '44740429'),
('46213633161120', 46213633, '2020-11-16', 'tn', '2020-11-15 12:51:53', '44740429'),
('46213633151120', 46213633, '2020-11-15', '--', '2020-11-15 12:51:53', '44740429'),
('46213633141120', 46213633, '2020-11-14', 'mt', '2020-11-15 12:51:53', '44740429'),
('46213633131120', 46213633, '2020-11-13', '--', '2020-11-15 12:51:53', '44740429'),
('46213633121120', 46213633, '2020-11-12', 'tn', '2020-11-15 12:51:53', '44740429'),
('46213633111120', 46213633, '2020-11-11', '--', '2020-11-15 12:51:53', '44740429'),
('46213633101120', 46213633, '2020-11-10', 'mt', '2020-11-15 12:51:53', '44740429'),
('4621363391120', 46213633, '2020-11-09', '--', '2020-11-15 12:51:53', '44740429'),
('4621363381120', 46213633, '2020-11-08', 'tn', '2020-11-15 12:51:53', '44740429'),
('4621363371120', 46213633, '2020-11-07', '--', '2020-11-15 12:51:53', '44740429'),
('4621363361120', 46213633, '2020-11-06', 'mt', '2020-11-15 12:51:53', '44740429'),
('4621363351120', 46213633, '2020-11-05', '--', '2020-11-15 12:51:53', '44740429'),
('4621363341120', 46213633, '2020-11-04', 'tn', '2020-11-15 12:51:53', '44740429'),
('4621363331120', 46213633, '2020-11-03', '--', '2020-11-15 12:51:53', '44740429'),
('4621363321120', 46213633, '2020-11-02', 'mt', '2020-11-15 12:51:53', '44740429'),
('4621363311120', 46213633, '2020-11-01', '--', '2020-11-15 12:51:53', '44740429'),
('44740429301120', 44740429, '2020-11-30', 'tn', '2020-11-15 12:51:53', '44740429'),
('44740429291120', 44740429, '2020-11-29', '--', '2020-11-15 12:51:53', '44740429'),
('44740429281120', 44740429, '2020-11-28', 'mt', '2020-11-15 12:51:53', '44740429'),
('44740429271120', 44740429, '2020-11-27', '--', '2020-11-15 12:51:53', '44740429'),
('44740429261120', 44740429, '2020-11-26', 'tn', '2020-11-15 12:51:53', '44740429'),
('44740429251120', 44740429, '2020-11-25', '--', '2020-11-15 12:51:53', '44740429'),
('44740429241120', 44740429, '2020-11-24', 'mt', '2020-11-15 12:51:53', '44740429'),
('44740429231120', 44740429, '2020-11-23', '--', '2020-11-15 12:51:53', '44740429'),
('44740429221120', 44740429, '2020-11-22', 'tn', '2020-11-15 12:51:53', '44740429'),
('44740429211120', 44740429, '2020-11-21', '--', '2020-11-15 12:51:53', '44740429'),
('44740429201120', 44740429, '2020-11-20', 'mt', '2020-11-15 12:51:53', '44740429'),
('44740429191120', 44740429, '2020-11-19', '--', '2020-11-15 12:51:53', '44740429'),
('44740429181120', 44740429, '2020-11-18', 'tn', '2020-11-15 12:51:53', '44740429'),
('44740429171120', 44740429, '2020-11-17', '--', '2020-11-15 12:51:53', '44740429'),
('44740429161120', 44740429, '2020-11-16', 'mt', '2020-11-15 12:51:53', '44740429'),
('44740429151120', 44740429, '2020-11-15', '--', '2020-11-15 12:51:53', '44740429'),
('44740429141120', 44740429, '2020-11-14', 'tn', '2020-11-15 12:51:53', '44740429'),
('44740429131120', 44740429, '2020-11-13', '--', '2020-11-15 12:51:53', '44740429'),
('44740429121120', 44740429, '2020-11-12', 'mt', '2020-11-15 12:51:53', '44740429'),
('44740429111120', 44740429, '2020-11-11', '--', '2020-11-15 12:51:53', '44740429'),
('44740429101120', 44740429, '2020-11-10', 'tn', '2020-11-15 12:51:53', '44740429'),
('4474042991120', 44740429, '2020-11-09', '--', '2020-11-15 12:51:53', '44740429'),
('4474042981120', 44740429, '2020-11-08', 'mt', '2020-11-15 12:51:53', '44740429'),
('4474042971120', 44740429, '2020-11-07', '--', '2020-11-15 12:51:53', '44740429'),
('4474042961120', 44740429, '2020-11-06', 'tn', '2020-11-15 12:51:53', '44740429'),
('4474042951120', 44740429, '2020-11-05', '--', '2020-11-15 12:51:53', '44740429'),
('4474042941120', 44740429, '2020-11-04', 'mt', '2020-11-15 12:51:53', '44740429'),
('4474042931120', 44740429, '2020-11-03', '--', '2020-11-15 12:51:53', '44740429'),
('4474042921120', 44740429, '2020-11-02', 'tn', '2020-11-15 12:51:53', '44740429'),
('4474042911120', 44740429, '2020-11-01', '--', '2020-11-15 12:51:53', '44740429'),
('43774097301120', 43774097, '2020-11-30', '--', '2020-11-15 12:51:53', '44740429'),
('43774097291120', 43774097, '2020-11-29', 'tn', '2020-11-15 12:51:53', '44740429'),
('43774097281120', 43774097, '2020-11-28', '--', '2020-11-15 12:51:53', '44740429'),
('43774097271120', 43774097, '2020-11-27', 'mt', '2020-11-15 12:51:53', '44740429'),
('43774097261120', 43774097, '2020-11-26', '--', '2020-11-15 12:51:53', '44740429'),
('43774097251120', 43774097, '2020-11-25', 'tn', '2020-11-15 12:51:53', '44740429'),
('43774097241120', 43774097, '2020-11-24', '--', '2020-11-15 12:51:53', '44740429'),
('43774097231120', 43774097, '2020-11-23', 'mt', '2020-11-15 12:51:53', '44740429'),
('43774097221120', 43774097, '2020-11-22', '--', '2020-11-15 12:51:53', '44740429'),
('43774097211120', 43774097, '2020-11-21', 'tn', '2020-11-15 12:51:53', '44740429'),
('43774097201120', 43774097, '2020-11-20', '--', '2020-11-15 12:51:53', '44740429'),
('43774097191120', 43774097, '2020-11-19', 'mt', '2020-11-15 12:51:53', '44740429'),
('43774097181120', 43774097, '2020-11-18', '--', '2020-11-15 12:51:53', '44740429'),
('43774097171120', 43774097, '2020-11-17', 'tn', '2020-11-15 12:51:53', '44740429'),
('43774097161120', 43774097, '2020-11-16', '--', '2020-11-15 12:51:53', '44740429'),
('43774097151120', 43774097, '2020-11-15', 'mt', '2020-11-15 12:51:53', '44740429'),
('43774097141120', 43774097, '2020-11-14', '--', '2020-11-15 12:51:53', '44740429'),
('43774097131120', 43774097, '2020-11-13', 'tn', '2020-11-15 12:51:53', '44740429'),
('43774097121120', 43774097, '2020-11-12', '--', '2020-11-15 12:51:53', '44740429'),
('43774097111120', 43774097, '2020-11-11', 'mt', '2020-11-15 12:51:53', '44740429'),
('43774097101120', 43774097, '2020-11-10', '--', '2020-11-15 12:51:53', '44740429'),
('4377409791120', 43774097, '2020-11-09', 'tn', '2020-11-15 12:51:53', '44740429'),
('4377409781120', 43774097, '2020-11-08', '--', '2020-11-15 12:51:53', '44740429'),
('4377409771120', 43774097, '2020-11-07', 'mt', '2020-11-15 12:51:53', '44740429'),
('4377409761120', 43774097, '2020-11-06', '--', '2020-11-15 12:51:53', '44740429'),
('4377409751120', 43774097, '2020-11-05', 'tn', '2020-11-15 12:51:53', '44740429'),
('4377409741120', 43774097, '2020-11-04', '--', '2020-11-15 12:51:53', '44740429'),
('4377409731120', 43774097, '2020-11-03', 'mt', '2020-11-15 12:51:53', '44740429'),
('4377409721120', 43774097, '2020-11-02', '--', '2020-11-15 12:51:53', '44740429'),
('4377409711120', 43774097, '2020-11-01', 'tn', '2020-11-15 12:51:53', '44740429'),
('43605231301120', 43605231, '2020-11-30', 'tn', '2020-11-15 12:51:53', '44740429'),
('43605231291120', 43605231, '2020-11-29', '--', '2020-11-15 12:51:53', '44740429'),
('43605231281120', 43605231, '2020-11-28', 'mm', '2020-11-15 12:51:53', '44740429'),
('43605231271120', 43605231, '2020-11-27', '--', '2020-11-15 12:51:53', '44740429'),
('43605231261120', 43605231, '2020-11-26', 'tn', '2020-11-15 12:51:53', '44740429'),
('43605231251120', 43605231, '2020-11-25', '--', '2020-11-15 12:51:53', '44740429'),
('43605231241120', 43605231, '2020-11-24', 'mt', '2020-11-15 12:51:53', '44740429'),
('43605231231120', 43605231, '2020-11-23', '--', '2020-11-15 12:51:53', '44740429'),
('43605231221120', 43605231, '2020-11-22', '--', '2020-11-15 12:51:53', '44740429'),
('43605231211120', 43605231, '2020-11-21', '--', '2020-11-15 12:51:53', '44740429'),
('43605231201120', 43605231, '2020-11-20', 'mt', '2020-11-15 12:51:53', '44740429'),
('43605231191120', 43605231, '2020-11-19', '--', '2020-11-15 12:51:53', '44740429'),
('43605231181120', 43605231, '2020-11-18', 'tn', '2020-11-15 12:51:53', '44740429'),
('43605231171120', 43605231, '2020-11-17', '--', '2020-11-15 12:51:53', '44740429'),
('43605231161120', 43605231, '2020-11-16', 'mt', '2020-11-15 12:51:53', '44740429'),
('43605231151120', 43605231, '2020-11-15', '--', '2020-11-15 12:51:53', '44740429'),
('43605231141120', 43605231, '2020-11-14', '--', '2020-11-15 12:51:53', '44740429'),
('43605231131120', 43605231, '2020-11-13', '--', '2020-11-15 12:51:53', '44740429'),
('43605231121120', 43605231, '2020-11-12', 'mt', '2020-11-15 12:51:53', '44740429'),
('43605231111120', 43605231, '2020-11-11', '--', '2020-11-15 12:51:53', '44740429'),
('43605231101120', 43605231, '2020-11-10', 'tn', '2020-11-15 12:51:53', '44740429'),
('4360523191120', 43605231, '2020-11-09', '--', '2020-11-15 12:51:53', '44740429'),
('4360523181120', 43605231, '2020-11-08', 'mt', '2020-11-15 12:51:53', '44740429'),
('4360523171120', 43605231, '2020-11-07', '--', '2020-11-15 12:51:53', '44740429'),
('4360523161120', 43605231, '2020-11-06', 'tn', '2020-11-15 12:51:53', '44740429'),
('4360523151120', 43605231, '2020-11-05', '--', '2020-11-15 12:51:53', '44740429'),
('4360523141120', 43605231, '2020-11-04', 'mt', '2020-11-15 12:51:53', '44740429'),
('4360523131120', 43605231, '2020-11-03', '--', '2020-11-15 12:51:53', '44740429'),
('4360523121120', 43605231, '2020-11-02', 'tn', '2020-11-15 12:51:53', '44740429'),
('4360523111120', 43605231, '2020-11-01', '--', '2020-11-15 12:51:53', '44740429'),
('43191416301120', 43191416, '2020-11-30', '--', '2020-11-15 12:51:53', '44740429'),
('43191416291120', 43191416, '2020-11-29', 'mt', '2020-11-15 12:51:53', '44740429'),
('43191416281120', 43191416, '2020-11-28', '--', '2020-11-15 12:51:53', '44740429'),
('43191416271120', 43191416, '2020-11-27', 'tn', '2020-11-15 12:51:53', '44740429'),
('43191416261120', 43191416, '2020-11-26', '--', '2020-11-15 12:51:53', '44740429'),
('43191416251120', 43191416, '2020-11-25', 'mt', '2020-11-15 12:51:53', '44740429'),
('43191416241120', 43191416, '2020-11-24', '--', '2020-11-15 12:51:53', '44740429'),
('43191416231120', 43191416, '2020-11-23', 'tn', '2020-11-15 12:51:53', '44740429'),
('43191416221120', 43191416, '2020-11-22', '--', '2020-11-15 12:51:53', '44740429'),
('43191416211120', 43191416, '2020-11-21', 'mt', '2020-11-15 12:51:53', '44740429'),
('43191416201120', 43191416, '2020-11-20', '--', '2020-11-15 12:51:53', '44740429'),
('43191416191120', 43191416, '2020-11-19', 'tn', '2020-11-15 12:51:53', '44740429'),
('43191416181120', 43191416, '2020-11-18', '--', '2020-11-15 12:51:53', '44740429'),
('43191416171120', 43191416, '2020-11-17', 'mt', '2020-11-15 12:51:53', '44740429'),
('43191416161120', 43191416, '2020-11-16', '--', '2020-11-15 12:51:53', '44740429'),
('43191416151120', 43191416, '2020-11-15', 'tn', '2020-11-15 12:51:53', '44740429'),
('43191416141120', 43191416, '2020-11-14', '--', '2020-11-15 12:51:53', '44740429'),
('43191416131120', 43191416, '2020-11-13', 'mt', '2020-11-15 12:51:53', '44740429'),
('43191416121120', 43191416, '2020-11-12', '--', '2020-11-15 12:51:53', '44740429'),
('43191416111120', 43191416, '2020-11-11', 'tn', '2020-11-15 12:51:53', '44740429'),
('43191416101120', 43191416, '2020-11-10', '--', '2020-11-15 12:51:53', '44740429'),
('4319141691120', 43191416, '2020-11-09', 'mt', '2020-11-15 12:51:53', '44740429'),
('4319141681120', 43191416, '2020-11-08', '--', '2020-11-15 12:51:53', '44740429'),
('4319141671120', 43191416, '2020-11-07', 'tn', '2020-11-15 12:51:53', '44740429'),
('4319141661120', 43191416, '2020-11-06', '--', '2020-11-15 12:51:53', '44740429'),
('4319141651120', 43191416, '2020-11-05', 'mt', '2020-11-15 12:51:53', '44740429'),
('4319141641120', 43191416, '2020-11-04', '--', '2020-11-15 12:51:53', '44740429'),
('4319141631120', 43191416, '2020-11-03', 'tn', '2020-11-15 12:51:53', '44740429'),
('4319141621120', 43191416, '2020-11-02', '--', '2020-11-15 12:51:53', '44740429'),
('4319141611120', 43191416, '2020-11-01', 'mt', '2020-11-15 12:51:53', '44740429'),
('42564101301120', 42564101, '2020-11-30', '--', '2020-11-15 12:51:53', '44740429'),
('42564101291120', 42564101, '2020-11-29', 'mt', '2020-11-15 12:51:53', '44740429'),
('42564101281120', 42564101, '2020-11-28', '--', '2020-11-15 12:51:53', '44740429'),
('42564101271120', 42564101, '2020-11-27', 'tn', '2020-11-15 12:51:53', '44740429'),
('42564101261120', 42564101, '2020-11-26', '--', '2020-11-15 12:51:53', '44740429'),
('42564101251120', 42564101, '2020-11-25', 'mt', '2020-11-15 12:51:53', '44740429'),
('42564101241120', 42564101, '2020-11-24', '--', '2020-11-15 12:51:53', '44740429'),
('42564101231120', 42564101, '2020-11-23', 'tn', '2020-11-15 12:51:53', '44740429'),
('42564101221120', 42564101, '2020-11-22', '--', '2020-11-15 12:51:53', '44740429'),
('42564101211120', 42564101, '2020-11-21', 'mt', '2020-11-15 12:51:53', '44740429'),
('42564101201120', 42564101, '2020-11-20', '--', '2020-11-15 12:51:53', '44740429'),
('42564101191120', 42564101, '2020-11-19', 'tn', '2020-11-15 12:51:53', '44740429'),
('42564101181120', 42564101, '2020-11-18', '--', '2020-11-15 12:51:53', '44740429'),
('42564101171120', 42564101, '2020-11-17', 'mt', '2020-11-15 12:51:53', '44740429'),
('42564101161120', 42564101, '2020-11-16', '--', '2020-11-15 12:51:53', '44740429'),
('42564101151120', 42564101, '2020-11-15', 'tn', '2020-11-15 12:51:53', '44740429'),
('42564101141120', 42564101, '2020-11-14', '--', '2020-11-15 12:51:53', '44740429'),
('42564101131120', 42564101, '2020-11-13', 'mt', '2020-11-15 12:51:53', '44740429'),
('42564101121120', 42564101, '2020-11-12', '--', '2020-11-15 12:51:53', '44740429'),
('42564101111120', 42564101, '2020-11-11', 'tn', '2020-11-15 12:51:53', '44740429'),
('42564101101120', 42564101, '2020-11-10', '--', '2020-11-15 12:51:53', '44740429'),
('4256410191120', 42564101, '2020-11-09', 'mt', '2020-11-15 12:51:53', '44740429'),
('4256410181120', 42564101, '2020-11-08', '--', '2020-11-15 12:51:53', '44740429'),
('4256410171120', 42564101, '2020-11-07', 'tn', '2020-11-15 12:51:53', '44740429'),
('4256410161120', 42564101, '2020-11-06', '--', '2020-11-15 12:51:53', '44740429'),
('4256410151120', 42564101, '2020-11-05', 'mt', '2020-11-15 12:51:53', '44740429'),
('4256410141120', 42564101, '2020-11-04', '--', '2020-11-15 12:51:53', '44740429'),
('4256410131120', 42564101, '2020-11-03', 'tn', '2020-11-15 12:51:53', '44740429'),
('4256410121120', 42564101, '2020-11-02', '--', '2020-11-15 12:51:53', '44740429'),
('4256410111120', 42564101, '2020-11-01', 'mt', '2020-11-15 12:51:53', '44740429'),
('41682533301120', 41682533, '2020-11-30', 'mt', '2020-11-15 12:51:53', '44740429'),
('41682533291120', 41682533, '2020-11-29', '--', '2020-11-15 12:51:53', '44740429'),
('41682533281120', 41682533, '2020-11-28', '--', '2020-11-15 12:51:53', '44740429'),
('41682533271120', 41682533, '2020-11-27', '--', '2020-11-15 12:51:53', '44740429'),
('41682533261120', 41682533, '2020-11-26', 'mt', '2020-11-15 12:51:53', '44740429'),
('41682533251120', 41682533, '2020-11-25', '--', '2020-11-15 12:51:53', '44740429'),
('41682533241120', 41682533, '2020-11-24', 'tn', '2020-11-15 12:51:53', '44740429'),
('41682533231120', 41682533, '2020-11-23', '--', '2020-11-15 12:51:53', '44740429'),
('41682533221120', 41682533, '2020-11-22', 'mt', '2020-11-15 12:51:53', '44740429'),
('41682533211120', 41682533, '2020-11-21', '--', '2020-11-15 12:51:53', '44740429'),
('41682533201120', 41682533, '2020-11-20', 'tn', '2020-11-15 12:51:53', '44740429'),
('41682533191120', 41682533, '2020-11-19', '--', '2020-11-15 12:51:53', '44740429'),
('41682533181120', 41682533, '2020-11-18', 'mt', '2020-11-15 12:51:53', '44740429'),
('41682533171120', 41682533, '2020-11-17', '--', '2020-11-15 12:51:53', '44740429'),
('41682533161120', 41682533, '2020-11-16', 'tn', '2020-11-15 12:51:53', '44740429'),
('41682533151120', 41682533, '2020-11-15', '--', '2020-11-15 12:51:53', '44740429'),
('41682533141120', 41682533, '2020-11-14', 'mm', '2020-11-15 12:51:53', '44740429'),
('41682533131120', 41682533, '2020-11-13', '--', '2020-11-15 12:51:53', '44740429'),
('41682533121120', 41682533, '2020-11-12', 'tn', '2020-11-15 12:51:53', '44740429'),
('41682533111120', 41682533, '2020-11-11', '--', '2020-11-15 12:51:53', '44740429'),
('41682533101120', 41682533, '2020-11-10', 'mt', '2020-11-15 12:51:53', '44740429'),
('4168253391120', 41682533, '2020-11-09', '--', '2020-11-15 12:51:53', '44740429'),
('4168253381120', 41682533, '2020-11-08', '--', '2020-11-15 12:51:53', '44740429'),
('4168253371120', 41682533, '2020-11-07', '--', '2020-11-15 12:51:53', '44740429'),
('4168253361120', 41682533, '2020-11-06', 'mt', '2020-11-15 12:51:53', '44740429'),
('4168253351120', 41682533, '2020-11-05', '--', '2020-11-15 12:51:53', '44740429'),
('4168253341120', 41682533, '2020-11-04', 'tn', '2020-11-15 12:51:53', '44740429'),
('4168253331120', 41682533, '2020-11-03', '--', '2020-11-15 12:51:53', '44740429'),
('4168253321120', 41682533, '2020-11-02', 'mt', '2020-11-15 12:51:53', '44740429'),
('4168253311120', 41682533, '2020-11-01', '--', '2020-11-15 12:51:53', '44740429'),
('40322576301120', 40322576, '2020-11-30', '--', '2020-11-15 12:51:53', '44740429'),
('40322576291120', 40322576, '2020-11-29', 'tn', '2020-11-15 12:51:53', '44740429'),
('40322576281120', 40322576, '2020-11-28', '--', '2020-11-15 12:51:53', '44740429'),
('40322576271120', 40322576, '2020-11-27', 'mt', '2020-11-15 12:51:53', '44740429'),
('40322576261120', 40322576, '2020-11-26', '--', '2020-11-15 12:51:53', '44740429'),
('40322576251120', 40322576, '2020-11-25', 'tn', '2020-11-15 12:51:53', '44740429'),
('40322576241120', 40322576, '2020-11-24', '--', '2020-11-15 12:51:53', '44740429'),
('40322576231120', 40322576, '2020-11-23', 'mt', '2020-11-15 12:51:53', '44740429'),
('40322576221120', 40322576, '2020-11-22', '--', '2020-11-15 12:51:53', '44740429'),
('40322576211120', 40322576, '2020-11-21', 'tn', '2020-11-15 12:51:53', '44740429'),
('40322576201120', 40322576, '2020-11-20', '--', '2020-11-15 12:51:53', '44740429'),
('40322576191120', 40322576, '2020-11-19', 'mt', '2020-11-15 12:51:53', '44740429'),
('40322576181120', 40322576, '2020-11-18', '--', '2020-11-15 12:51:53', '44740429'),
('40322576171120', 40322576, '2020-11-17', 'tn', '2020-11-15 12:51:53', '44740429'),
('40322576161120', 40322576, '2020-11-16', '--', '2020-11-15 12:51:53', '44740429'),
('40322576151120', 40322576, '2020-11-15', 'mt', '2020-11-15 12:51:53', '44740429'),
('40322576141120', 40322576, '2020-11-14', '--', '2020-11-15 12:51:53', '44740429'),
('40322576131120', 40322576, '2020-11-13', 'tn', '2020-11-15 12:51:53', '44740429'),
('40322576121120', 40322576, '2020-11-12', '--', '2020-11-15 12:51:53', '44740429'),
('40322576111120', 40322576, '2020-11-11', 'mt', '2020-11-15 12:51:53', '44740429'),
('40322576101120', 40322576, '2020-11-10', '--', '2020-11-15 12:51:53', '44740429'),
('4032257691120', 40322576, '2020-11-09', 'tn', '2020-11-15 12:51:53', '44740429'),
('4032257681120', 40322576, '2020-11-08', '--', '2020-11-15 12:51:53', '44740429'),
('4032257671120', 40322576, '2020-11-07', 'mt', '2020-11-15 12:51:53', '44740429'),
('4032257661120', 40322576, '2020-11-06', '--', '2020-11-15 12:51:53', '44740429'),
('4032257651120', 40322576, '2020-11-05', 'tn', '2020-11-15 12:51:53', '44740429'),
('4032257641120', 40322576, '2020-11-04', '--', '2020-11-15 12:51:53', '44740429'),
('4032257631120', 40322576, '2020-11-03', 'mt', '2020-11-15 12:51:53', '44740429'),
('4032257621120', 40322576, '2020-11-02', '--', '2020-11-15 12:51:53', '44740429'),
('4032257611120', 40322576, '2020-11-01', 'tn', '2020-11-15 12:51:53', '44740429'),
('46213633131220', 46213633, '2020-12-13', '--', '2020-12-01 08:29:36', '44740429'),
('46213633141220', 46213633, '2020-12-14', 'tn', '2020-12-01 08:29:36', '44740429'),
('46213633151220', 46213633, '2020-12-15', '--', '2020-12-01 08:29:36', '44740429'),
('46213633161220', 46213633, '2020-12-16', 'mt', '2020-12-01 08:29:36', '44740429'),
('46213633171220', 46213633, '2020-12-17', '--', '2020-12-01 08:29:36', '44740429'),
('46213633181220', 46213633, '2020-12-18', 'mt', '2020-12-01 08:29:36', '44740429'),
('46213633191220', 46213633, '2020-12-19', '--', '2020-12-01 08:29:36', '44740429'),
('46213633201220', 46213633, '2020-12-20', 'tn', '2020-12-01 08:29:36', '44740429'),
('46213633211220', 46213633, '2020-12-21', '--', '2020-12-01 08:29:36', '44740429'),
('46213633221220', 46213633, '2020-12-22', 'mt', '2020-12-01 08:29:36', '44740429'),
('46213633231220', 46213633, '2020-12-23', '--', '2020-12-01 08:29:36', '44740429'),
('46213633241220', 46213633, '2020-12-24', 'mt', '2020-12-01 08:29:36', '44740429'),
('46213633251220', 46213633, '2020-12-25', '--', '2020-12-01 08:29:36', '44740429'),
('46213633261220', 46213633, '2020-12-26', 'tn', '2020-12-01 08:29:36', '44740429'),
('46213633271220', 46213633, '2020-12-27', '--', '2020-12-01 08:29:36', '44740429'),
('46213633281220', 46213633, '2020-12-28', 'mt', '2020-12-01 08:29:36', '44740429'),
('46213633291220', 46213633, '2020-12-29', '--', '2020-12-01 08:29:36', '44740429'),
('44740429131220', 44740429, '2020-12-13', 'mt', '2020-12-01 08:29:36', '44740429'),
('44740429141220', 44740429, '2020-12-14', '--', '2020-12-01 08:29:36', '44740429'),
('44740429151220', 44740429, '2020-12-15', 'tn', '2020-12-01 08:29:36', '44740429'),
('44740429161220', 44740429, '2020-12-16', '--', '2020-12-01 08:29:36', '44740429'),
('44740429171220', 44740429, '2020-12-17', 'mt', '2020-12-01 08:29:36', '44740429'),
('44740429181220', 44740429, '2020-12-18', '--', '2020-12-01 08:29:36', '44740429'),
('44740429191220', 44740429, '2020-12-19', 'mt', '2020-12-01 08:29:36', '44740429'),
('44740429201220', 44740429, '2020-12-20', '--', '2020-12-01 08:29:36', '44740429'),
('44740429211220', 44740429, '2020-12-21', 'tn', '2020-12-01 08:29:36', '44740429'),
('44740429221220', 44740429, '2020-12-22', '--', '2020-12-01 08:29:36', '44740429'),
('44740429231220', 44740429, '2020-12-23', 'mt', '2020-12-01 08:29:36', '44740429'),
('44740429241220', 44740429, '2020-12-24', '--', '2020-12-01 08:29:36', '44740429'),
('44740429251220', 44740429, '2020-12-25', '--', '2020-12-01 08:29:36', '44740429'),
('44740429261220', 44740429, '2020-12-26', '--', '2020-12-01 08:29:36', '44740429'),
('44740429271220', 44740429, '2020-12-27', 'tn', '2020-12-01 08:29:36', '44740429'),
('44740429281220', 44740429, '2020-12-28', '--', '2020-12-01 08:29:36', '44740429'),
('44740429291220', 44740429, '2020-12-29', 'mt', '2020-12-01 08:29:36', '44740429'),
('44740429301220', 44740429, '2020-12-30', '--', '2020-12-01 08:29:36', '44740429'),
('44740429311220', 44740429, '2020-12-31', 'tn', '2020-12-01 08:29:36', '44740429'),
('4621363311220', 46213633, '2020-12-01', '--', '2020-12-01 08:29:36', '44740429'),
('4621363321220', 46213633, '2020-12-02', 'tn', '2020-12-01 08:29:36', '44740429'),
('4621363331220', 46213633, '2020-12-03', '--', '2020-12-01 08:29:36', '44740429'),
('4621363341220', 46213633, '2020-12-04', 'mt', '2020-12-01 08:29:36', '44740429'),
('43191416301220', 43191416, '2020-12-30', 'mt', '2020-12-01 08:29:36', '44740429'),
('43191416311220', 43191416, '2020-12-31', '--', '2020-12-01 08:29:36', '44740429'),
('4377409711220', 43774097, '2020-12-01', 'tn', '2020-12-01 08:29:36', '44740429'),
('4377409721220', 43774097, '2020-12-02', '--', '2020-12-01 08:29:36', '44740429'),
('4377409731220', 43774097, '2020-12-03', 'mt', '2020-12-01 08:29:36', '44740429'),
('4377409741220', 43774097, '2020-12-04', '--', '2020-12-01 08:29:36', '44740429'),
('4377409751220', 43774097, '2020-12-05', 'mt', '2020-12-01 08:29:36', '44740429'),
('4377409761220', 43774097, '2020-12-06', '--', '2020-12-01 08:29:36', '44740429'),
('4377409771220', 43774097, '2020-12-07', 'tn', '2020-12-01 08:29:36', '44740429'),
('4377409781220', 43774097, '2020-12-08', '--', '2020-12-01 08:29:36', '44740429'),
('4377409791220', 43774097, '2020-12-09', 'mt', '2020-12-01 08:29:36', '44740429'),
('43774097101220', 43774097, '2020-12-10', '--', '2020-12-01 08:29:36', '44740429'),
('43774097111220', 43774097, '2020-12-11', 'mt', '2020-12-01 08:29:36', '44740429'),
('43774097121220', 43774097, '2020-12-12', '--', '2020-12-01 08:29:36', '44740429'),
('43774097131220', 43774097, '2020-12-13', 'tn', '2020-12-01 08:29:36', '44740429'),
('43774097141220', 43774097, '2020-12-14', '--', '2020-12-01 08:29:36', '44740429'),
('43774097151220', 43774097, '2020-12-15', 'mt', '2020-12-01 08:29:36', '44740429'),
('43774097161220', 43774097, '2020-12-16', '--', '2020-12-01 08:29:36', '44740429'),
('43774097171220', 43774097, '2020-12-17', 'mt', '2020-12-01 08:29:36', '44740429'),
('43774097181220', 43774097, '2020-12-18', '--', '2020-12-01 08:29:36', '44740429'),
('43774097191220', 43774097, '2020-12-19', 'tn', '2020-12-01 08:29:36', '44740429'),
('43774097201220', 43774097, '2020-12-20', '--', '2020-12-01 08:29:36', '44740429'),
('43774097211220', 43774097, '2020-12-21', 'mt', '2020-12-01 08:29:36', '44740429'),
('43774097221220', 43774097, '2020-12-22', '--', '2020-12-01 08:29:36', '44740429'),
('43774097231220', 43774097, '2020-12-23', 'mt', '2020-12-01 08:29:36', '44740429'),
('43774097241220', 43774097, '2020-12-24', '--', '2020-12-01 08:29:36', '44740429'),
('43774097251220', 43774097, '2020-12-25', 'tn', '2020-12-01 08:29:36', '44740429'),
('43774097261220', 43774097, '2020-12-26', '--', '2020-12-01 08:29:36', '44740429'),
('43774097271220', 43774097, '2020-12-27', 'mt', '2020-12-01 08:29:36', '44740429'),
('43774097281220', 43774097, '2020-12-28', '--', '2020-12-01 08:29:36', '44740429'),
('43774097291220', 43774097, '2020-12-29', 'mt', '2020-12-01 08:29:36', '44740429'),
('43774097301220', 43774097, '2020-12-30', '--', '2020-12-01 08:29:36', '44740429'),
('43774097311220', 43774097, '2020-12-31', '--', '2020-12-01 08:29:36', '44740429'),
('4474042911220', 44740429, '2020-12-01', 'mt', '2020-12-01 08:29:36', '44740429'),
('4474042921220', 44740429, '2020-12-02', '--', '2020-12-01 08:29:36', '44740429'),
('4474042931220', 44740429, '2020-12-03', 'tn', '2020-12-01 08:29:36', '44740429'),
('4474042941220', 44740429, '2020-12-04', '--', '2020-12-01 08:29:36', '44740429'),
('4474042951220', 44740429, '2020-12-05', 'mt', '2020-12-01 08:29:36', '44740429'),
('4474042961220', 44740429, '2020-12-06', '--', '2020-12-01 08:29:36', '44740429'),
('4474042971220', 44740429, '2020-12-07', 'mt', '2020-12-01 08:29:36', '44740429'),
('4474042981220', 44740429, '2020-12-08', '--', '2020-12-01 08:29:36', '44740429'),
('4474042991220', 44740429, '2020-12-09', 'tn', '2020-12-01 08:29:36', '44740429'),
('44740429101220', 44740429, '2020-12-10', '--', '2020-12-01 08:29:36', '44740429'),
('44740429111220', 44740429, '2020-12-11', 'mt', '2020-12-01 08:29:36', '44740429'),
('44740429121220', 44740429, '2020-12-12', '--', '2020-12-01 08:29:36', '44740429'),
('4032257611220', 40322576, '2020-12-01', '--', '2020-12-01 08:29:36', '44740429'),
('4032257621220', 40322576, '2020-12-02', 'mt', '2020-12-01 08:29:36', '44740429'),
('4032257631220', 40322576, '2020-12-03', '--', '2020-12-01 08:29:36', '44740429'),
('4032257641220', 40322576, '2020-12-04', 'mt', '2020-12-01 08:29:36', '44740429'),
('4032257651220', 40322576, '2020-12-05', '--', '2020-12-01 08:29:36', '44740429'),
('4032257661220', 40322576, '2020-12-06', 'tn', '2020-12-01 08:29:36', '44740429'),
('4032257671220', 40322576, '2020-12-07', '--', '2020-12-01 08:29:36', '44740429'),
('4032257681220', 40322576, '2020-12-08', 'mt', '2020-12-01 08:29:36', '44740429'),
('4032257691220', 40322576, '2020-12-09', '--', '2020-12-01 08:29:36', '44740429'),
('40322576101220', 40322576, '2020-12-10', 'mt', '2020-12-01 08:29:36', '44740429'),
('40322576111220', 40322576, '2020-12-11', '--', '2020-12-01 08:29:36', '44740429'),
('40322576121220', 40322576, '2020-12-12', 'tn', '2020-12-01 08:29:36', '44740429'),
('40322576131220', 40322576, '2020-12-13', '--', '2020-12-01 08:29:36', '44740429'),
('40322576141220', 40322576, '2020-12-14', 'mt', '2020-12-01 08:29:36', '44740429'),
('40322576151220', 40322576, '2020-12-15', '--', '2020-12-01 08:29:36', '44740429'),
('40322576161220', 40322576, '2020-12-16', 'mt', '2020-12-01 08:29:36', '44740429'),
('40322576171220', 40322576, '2020-12-17', '--', '2020-12-01 08:29:36', '44740429'),
('40322576181220', 40322576, '2020-12-18', 'tn', '2020-12-01 08:29:36', '44740429'),
('40322576191220', 40322576, '2020-12-19', '--', '2020-12-01 08:29:36', '44740429'),
('40322576201220', 40322576, '2020-12-20', 'mt', '2020-12-01 08:29:36', '44740429'),
('40322576211220', 40322576, '2020-12-21', '--', '2020-12-01 08:29:36', '44740429'),
('40322576221220', 40322576, '2020-12-22', 'mt', '2020-12-01 08:29:36', '44740429'),
('40322576231220', 40322576, '2020-12-23', '--', '2020-12-01 08:29:36', '44740429'),
('40322576241220', 40322576, '2020-12-24', 'tn', '2020-12-01 08:29:36', '44740429'),
('40322576251220', 40322576, '2020-12-25', '--', '2020-12-01 08:29:36', '44740429'),
('40322576261220', 40322576, '2020-12-26', 'mt', '2020-12-01 08:29:36', '44740429'),
('40322576271220', 40322576, '2020-12-27', '--', '2020-12-01 08:29:36', '44740429'),
('40322576281220', 40322576, '2020-12-28', 'mt', '2020-12-01 08:29:36', '44740429'),
('40322576291220', 40322576, '2020-12-29', '--', '2020-12-01 08:29:36', '44740429'),
('40322576301220', 40322576, '2020-12-30', 'tn', '2020-12-01 08:29:36', '44740429'),
('40322576311220', 40322576, '2020-12-31', '--', '2020-12-01 08:29:36', '44740429'),
('4256410111220', 42564101, '2020-12-01', 'mt', '2020-12-01 08:29:36', '44740429'),
('4256410121220', 42564101, '2020-12-02', '--', '2020-12-01 08:29:36', '44740429'),
('4256410131220', 42564101, '2020-12-03', 'mt', '2020-12-01 08:29:36', '44740429'),
('4256410141220', 42564101, '2020-12-04', '--', '2020-12-01 08:29:36', '44740429'),
('4256410151220', 42564101, '2020-12-05', 'tn', '2020-12-01 08:29:36', '44740429'),
('4256410161220', 42564101, '2020-12-06', '--', '2020-12-01 08:29:36', '44740429'),
('4256410171220', 42564101, '2020-12-07', 'mt', '2020-12-01 08:29:36', '44740429'),
('4256410181220', 42564101, '2020-12-08', '--', '2020-12-01 08:29:36', '44740429'),
('4256410191220', 42564101, '2020-12-09', '--', '2020-12-01 08:29:36', '44740429'),
('42564101101220', 42564101, '2020-12-10', '--', '2020-12-01 08:29:36', '44740429'),
('42564101111220', 42564101, '2020-12-11', 'tn', '2020-12-01 08:29:36', '44740429'),
('42564101121220', 42564101, '2020-12-12', '--', '2020-12-01 08:29:36', '44740429'),
('42564101131220', 42564101, '2020-12-13', 'mt', '2020-12-01 08:29:36', '44740429'),
('42564101141220', 42564101, '2020-12-14', '--', '2020-12-01 08:29:36', '44740429'),
('42564101151220', 42564101, '2020-12-15', 'mt', '2020-12-01 08:29:36', '44740429'),
('42564101161220', 42564101, '2020-12-16', '--', '2020-12-01 08:29:36', '44740429'),
('42564101171220', 42564101, '2020-12-17', 'tn', '2020-12-01 08:29:36', '44740429'),
('42564101181220', 42564101, '2020-12-18', '--', '2020-12-01 08:29:36', '44740429'),
('42564101191220', 42564101, '2020-12-19', 'mt', '2020-12-01 08:29:36', '44740429'),
('42564101201220', 42564101, '2020-12-20', '--', '2020-12-01 08:29:36', '44740429'),
('42564101211220', 42564101, '2020-12-21', 'mt', '2020-12-01 08:29:36', '44740429'),
('42564101221220', 42564101, '2020-12-22', '--', '2020-12-01 08:29:36', '44740429'),
('42564101231220', 42564101, '2020-12-23', 'tn', '2020-12-01 08:29:36', '44740429'),
('42564101241220', 42564101, '2020-12-24', '--', '2020-12-01 08:29:36', '44740429'),
('42564101251220', 42564101, '2020-12-25', 'mt', '2020-12-01 08:29:36', '44740429'),
('42564101261220', 42564101, '2020-12-26', '--', '2020-12-01 08:29:36', '44740429'),
('42564101271220', 42564101, '2020-12-27', 'mt', '2020-12-01 08:29:36', '44740429'),
('42564101281220', 42564101, '2020-12-28', '--', '2020-12-01 08:29:36', '44740429'),
('42564101291220', 42564101, '2020-12-29', 'tn', '2020-12-01 08:29:36', '44740429'),
('42564101301220', 42564101, '2020-12-30', '--', '2020-12-01 08:29:36', '44740429'),
('42564101311220', 42564101, '2020-12-31', 'mt', '2020-12-01 08:29:36', '44740429'),
('4319141611220', 43191416, '2020-12-01', '--', '2020-12-01 08:29:36', '44740429'),
('4319141621220', 43191416, '2020-12-02', 'mt', '2020-12-01 08:29:36', '44740429'),
('4319141631220', 43191416, '2020-12-03', '--', '2020-12-01 08:29:36', '44740429'),
('4319141641220', 43191416, '2020-12-04', 'tn', '2020-12-01 08:29:36', '44740429'),
('4319141651220', 43191416, '2020-12-05', '--', '2020-12-01 08:29:36', '44740429'),
('4319141661220', 43191416, '2020-12-06', 'mt', '2020-12-01 08:29:36', '44740429'),
('4319141671220', 43191416, '2020-12-07', '--', '2020-12-01 08:29:36', '44740429'),
('4319141681220', 43191416, '2020-12-08', 'mt', '2020-12-01 08:29:36', '44740429'),
('4319141691220', 43191416, '2020-12-09', '--', '2020-12-01 08:29:36', '44740429'),
('43191416101220', 43191416, '2020-12-10', 'tn', '2020-12-01 08:29:36', '44740429'),
('43191416111220', 43191416, '2020-12-11', '--', '2020-12-01 08:29:36', '44740429'),
('43191416121220', 43191416, '2020-12-12', 'mt', '2020-12-01 08:29:36', '44740429'),
('43191416131220', 43191416, '2020-12-13', '--', '2020-12-01 08:29:36', '44740429'),
('43191416141220', 43191416, '2020-12-14', 'mt', '2020-12-01 08:29:36', '44740429'),
('43191416151220', 43191416, '2020-12-15', '--', '2020-12-01 08:29:36', '44740429'),
('43191416161220', 43191416, '2020-12-16', 'tn', '2020-12-01 08:29:36', '44740429'),
('43191416171220', 43191416, '2020-12-17', '--', '2020-12-01 08:29:36', '44740429'),
('43191416181220', 43191416, '2020-12-18', 'mt', '2020-12-01 08:29:36', '44740429'),
('43191416191220', 43191416, '2020-12-19', '--', '2020-12-01 08:29:36', '44740429'),
('43191416201220', 43191416, '2020-12-20', 'mt', '2020-12-01 08:29:36', '44740429'),
('43191416211220', 43191416, '2020-12-21', '--', '2020-12-01 08:29:36', '44740429'),
('43191416221220', 43191416, '2020-12-22', 'tn', '2020-12-01 08:29:36', '44740429'),
('43191416231220', 43191416, '2020-12-23', '--', '2020-12-01 08:29:36', '44740429'),
('43191416241220', 43191416, '2020-12-24', 'mt', '2020-12-01 08:29:36', '44740429'),
('43191416251220', 43191416, '2020-12-25', '--', '2020-12-01 08:29:36', '44740429'),
('43191416261220', 43191416, '2020-12-26', 'mt', '2020-12-01 08:29:36', '44740429'),
('43191416271220', 43191416, '2020-12-27', '--', '2020-12-01 08:29:36', '44740429'),
('43191416281220', 43191416, '2020-12-28', 'tn', '2020-12-01 08:29:36', '44740429'),
('43191416291220', 43191416, '2020-12-29', '--', '2020-12-01 08:29:36', '44740429'),
('46213633301220', 46213633, '2020-12-30', 'mt', '2020-12-01 08:29:36', '44740429'),
('46213633311220', 46213633, '2020-12-31', '--', '2020-12-01 08:29:36', '44740429');

-- --------------------------------------------------------

--
-- Estructura de tabla para la tabla `horario2`
--

DROP TABLE IF EXISTS `horario2`;
CREATE TABLE IF NOT EXISTS `horario2` (
  `id_hora` varchar(14) COLLATE utf8_unicode_ci NOT NULL,
  `dni_usu` int(8) NOT NULL,
  `fecha_hora` date NOT NULL,
  `turno_hora` varchar(20) COLLATE utf8_unicode_ci DEFAULT NULL,
  `fech_reg_hora` datetime DEFAULT NULL,
  `user_reg_hora` varchar(50) COLLATE utf8_unicode_ci DEFAULT NULL,
  PRIMARY KEY (`id_hora`)
) ENGINE=MyISAM DEFAULT CHARSET=utf8 COLLATE=utf8_unicode_ci;

-- --------------------------------------------------------

--
-- Estructura de tabla para la tabla `pendiente`
--

DROP TABLE IF EXISTS `pendiente`;
CREATE TABLE IF NOT EXISTS `pendiente` (
  `id_pend` int(11) NOT NULL AUTO_INCREMENT,
  `dni_usu` int(8) NOT NULL,
  `fecha_pend` datetime NOT NULL,
  `desc_pend` varchar(400) COLLATE utf8_unicode_ci NOT NULL,
  `priori_pend` varchar(20) COLLATE utf8_unicode_ci NOT NULL,
  `realizado_pend` varchar(2) COLLATE utf8_unicode_ci NOT NULL,
  `realizado_por_pend` int(8) DEFAULT NULL,
  `fecha_realizado_por` datetime DEFAULT NULL,
  `fecha_ulti_modifi` datetime DEFAULT NULL,
  PRIMARY KEY (`id_pend`)
) ENGINE=MyISAM AUTO_INCREMENT=65 DEFAULT CHARSET=utf8 COLLATE=utf8_unicode_ci;

--
-- Volcado de datos para la tabla `pendiente`
--

INSERT INTO `pendiente` (`id_pend`, `dni_usu`, `fecha_pend`, `desc_pend`, `priori_pend`, `realizado_pend`, `realizado_por_pend`, `fecha_realizado_por`, `fecha_ulti_modifi`) VALUES
(32, 43605231, '2020-12-01 05:09:50', 'dejo 06 controles 04 de tv (02 samsung y 02 next) y 02 controles de proyector multimedia epson en el area de informatica', 'media', 'si', 43191416, '2020-12-02 19:06:41', NULL),
(31, 46213633, '2020-11-30 18:46:41', 'verificar su galenhos de la doctora amparo de unidad seguros, no genera el reporte - referencia al costado de la unidad de epidemiologia', 'media', 'si', 43191416, '2020-12-02 19:06:41', NULL),
(26, 40322576, '2020-11-27 18:41:42', 'se deja 06 controles remotos y 02 diskos externos', 'media', 'si', 43191416, '2020-11-27 19:28:01', NULL),
(25, 40322576, '2020-11-27 18:41:13', 'se deja dos cpu ya culminados para entregar en jefatura de farmacia- dosis unitaria', 'media', 'si', 44740429, '2020-11-28 14:18:08', NULL),
(10, 46213633, '2020-11-20 18:59:12', 'SE DEJA 6 CONTROLES y un cpu', 'media', 'si', 44740429, '2020-11-24 14:44:29', '2020-11-20 18:59:37'),
(30, 46213633, '2020-11-30 18:14:14', 'se deja 06 controles y 02 disco externo', 'media', 'si', 43191416, '2020-12-02 19:06:41', NULL),
(12, 44740429, '2020-11-23 05:23:55', 'se deja 5 computadoras completas', 'baja', 'si', 43774097, '2020-11-23 06:43:24', '2020-11-23 05:56:51'),
(24, 43605231, '2020-11-27 06:48:58', 'el audio de las televisores nex con el sistema kodi no tienen sonido se hizo las pruebas en las televisores de consultorios externos y no ahy audio, verificar con el area de redes.', 'media', 'si', 40322576, '2020-11-27 11:09:26', NULL),
(15, 40682205, '2020-11-24 18:10:51', '4.00 pm.- llevar laptop al auditorio y dejar operativo para reunión de calidad.', 'media', 'si', 43605231, '2020-11-24 23:06:35', NULL),
(16, 40682205, '2020-11-24 18:15:05', '3.00 pm :   actualización de 03 pcs en el piso 2: servicio de hemodialisis.\r\n                  (se deja 04 adaptadores + 03 cables de poder) . \r\n                   realizar todo los procedimientos de : actualización de galenos, dominio, desactivar \r\n                  actualización de windows, antivirus, etc.\r\n\r\nasignado a pablito.', 'media', 'si', 44740429, '2020-11-25 00:14:38', NULL),
(17, 40682205, '2020-11-24 18:17:20', 'roberth : configurar la cuenta del usuario nilda palomino de tesoreria. \r\n                  instalar galenhos, siaf, siga.', 'media', 'si', 43605231, '2020-11-24 22:33:44', NULL),
(18, 44740429, '2020-11-25 00:16:06', 'instalar utilitarios y galenhos y entregar 01 cpu de hemodialisis - consultorio médico - 2do piso lic. mery morales', 'media', 'si', 46213633, '2020-11-25 00:59:21', NULL),
(19, 44740429, '2020-11-25 00:16:55', 'realizar el procedimiento sis galenhos (archivo del correo yandex)', 'media', 'si', 46213633, '2020-11-25 00:59:18', NULL),
(20, 44740429, '2020-11-25 00:23:28', 'FORMATEAR LAPTOP TOSHIBA DE REDES', 'media', 'si', 41682533, '2020-11-25 00:29:05', '2020-11-25 00:23:35'),
(21, 40682205, '2020-11-25 14:37:20', '-igor : realizar el manual para la desactivación de las actualizaciones automáticas de windows.\r\n-11am: capacitación en galenos, medico de salud', 'media', 'si', 40322576, '2020-11-27 11:09:26', NULL),
(22, 40682205, '2020-11-25 14:38:48', '10 am : laptop para 4to piso.', 'media', 'si', 40322576, '2020-11-27 11:09:26', NULL),
(23, 46213633, '2020-11-26 23:43:54', 'recoger 02 impresoras de neonatologia ucin que estan malogradas para su internamiento y posterior garantia', 'media', 'si', 40322576, '2020-11-27 18:40:26', NULL),
(27, 40322576, '2020-11-27 18:58:16', 'se deja impresora del servicio de hospitalización medicina interna del tercer piso estación de enfermeras no imprime correctamente', 'media', 'si', 43191416, '2020-11-28 06:44:19', NULL),
(28, 43191416, '2020-11-28 06:41:47', 'se deja 06 controles y 02 disco externo', 'media', 'si', 43191416, '2020-12-02 19:06:41', NULL),
(29, 43191416, '2020-11-28 06:45:58', 'entegar impresora epson a medicina 3 piso estacion de enfermeras licenciada miluska.', 'media', 'si', 43191416, '2020-12-02 19:06:41', NULL),
(33, 44740429, '2020-12-01 17:47:08', 'ENTREGAR e instalar CPU DEL ING. WILBER - JEFATURA DE INFORMÁTICA', 'alta', 'si', 43191416, '2020-12-02 19:06:41', '2020-12-01 17:49:50'),
(34, 42564101, '2020-12-01 19:06:45', 'realizar la instalacion de la tiquetera en el tercer piso consultorio externo modulo de citas admision', 'alta', 'si', 43774097, '2020-12-01 19:45:24', NULL),
(35, 43191416, '2020-12-02 18:48:04', 'se deja los 6 controles  y 2 disco externo', 'media', 'si', 46213633, '2020-12-03 06:43:59', NULL),
(36, 43191416, '2020-12-02 18:49:38', 'colocar (ad) e instalar los software basiscos  y entregar centro obstetrico 2 piso ecografias cpu cybertel', 'media', 'si', 46213633, '2020-12-03 06:43:47', NULL),
(37, 43191416, '2020-12-02 18:51:19', 'entregar el cpu nueva a seguros centro obstetrico ya esta culminado', 'media', 'si', 42564101, '2020-12-03 19:23:58', NULL),
(38, 46213633, '2020-12-03 06:45:29', 'verificar el antivirus por que no se puede instalar  y entregar centro obstetrico 2 piso ecografias cpu cybertel', 'media', 'si', 42564101, '2020-12-03 19:23:58', NULL),
(39, 46213633, '2020-12-03 06:45:37', 'se deja los 6 controles y 2 disco externo', 'media', 'si', 43605231, '2020-12-04 08:00:41', NULL),
(40, 42564101, '2020-12-03 19:14:34', 'culminar la instalacion de pc, antivirus, quitar administrador y activar oficce, entregar a ecografia 2do piso, centro obstetrico.', 'alta', 'si', 44740429, '2020-12-03 21:47:03', NULL),
(41, 42564101, '2020-12-03 19:16:18', 'instalar impresora en red, en el servicio de calidad costado de oci a las 7 am', 'media', 'si', 43605231, '2020-12-04 10:28:38', NULL),
(42, 44740429, '2020-12-03 20:29:50', 'REVISAR CON SISTEMAS DE INFORMACIÓN, EL REGISTRO DE DIAGNÓSTICO EN EL GALENHOS - 2DO PISO PSICOLOGÍA 2 - DR. OCHOA, INGRESA DESDE LAS 7 AM', 'alta', 'si', 45670163, '2020-12-04 11:52:27', '2020-12-03 21:18:46'),
(43, 44740429, '2020-12-03 21:46:41', 'culminar la instalacion de pc, antivirus y quitar administrador, entregar a ecografia 2do piso, centro obstetrico', 'alta', 'si', 43605231, '2020-12-04 10:28:38', NULL),
(44, 43605231, '2020-12-04 14:41:10', 'instalar el dirve la impresoral hp laser jet pro 400 m401n, en el segundo piso unidad de seguros ubicado en el  (centro obstetrico) regresan a las 3pm los encargados preguntarle por la lic. cecilia  de seguros su celular es 955031581.', 'alta', 'si', 43191416, '2020-12-05 06:57:39', NULL),
(45, 46213633, '2020-12-04 18:43:24', 'mañana a las 07 am dejar listo  la laptop para telemedicina, recojera la lic. norma batallaluz del servicio de referencia', 'media', 'si', 44740429, '2020-12-05 07:25:45', NULL),
(46, 46213633, '2020-12-04 18:58:27', 'se deja los 6 controles y 2 disco externo', 'media', 'si', 45670163, '2020-12-05 08:30:38', NULL),
(47, 46213633, '2020-12-04 19:00:17', 'recoger el tablero en el servicio de centro ostetrico - ecografia', 'media', 'si', 40322576, '2020-12-07 07:25:44', NULL),
(48, 43191416, '2020-12-05 07:02:58', 'revisar impresora de centro obstetrico (unidad de seguros) laser jet 400 m401dn problema de puerto usb.', 'media', 'si', 45670163, '2020-12-07 12:19:41', NULL),
(49, 44740429, '2020-12-05 18:18:18', 'se deja 6 controles y 2 discos externos', 'media', 'si', 40322576, '2020-12-07 06:40:20', '2020-12-05 18:18:28'),
(50, 44740429, '2020-12-07 13:55:00', 'regenerar saldos de farmacia en galenhos el día martes 8/12/2020 a la 1am', 'media', 'si', 43774097, '2020-12-08 06:07:11', NULL),
(51, 44740429, '2020-12-07 17:56:11', 'ALISTAR LAPTOP PARA PARA EL SERVICIO DE REFERENCIA Y CONTRA-REFENCIA, recogerá ANTES DE LAS 9 AM ', 'media', 'si', 43191416, '2020-12-08 13:24:09', '2020-12-07 18:02:00'),
(52, 43774097, '2020-12-08 06:08:03', 'regenerar saldos de farmacia en galenhos el día jueves 10/12/2020 a la 1am', 'media', 'si', 44740429, '2020-12-10 04:52:33', NULL),
(53, 43774097, '2020-12-08 06:08:57', 'se deja 06 controles remoto', 'media', 'si', 40322576, '2020-12-08 18:48:02', NULL),
(54, 40322576, '2020-12-08 18:49:43', 'entregar a sheyla carpio de desarrollo, documentos diversos.', 'media', 'si', 45670163, '2020-12-09 08:10:18', NULL),
(55, 40322576, '2020-12-08 18:51:39', 'entregar 120 soles a lidia de soporte tecnico de informatica, cuotas.', 'media', 'si', 45670163, '2020-12-09 08:10:18', NULL),
(56, 40322576, '2020-12-08 18:52:13', 'se deja 06 controles remotos y 02 discos externos.', 'media', 'si', 45670163, '2020-12-09 08:10:18', NULL),
(57, 43774097, '2020-12-09 18:48:51', 'entregar cpu al departamento de seguros noemi medina chilcce a primera hora se formateo y se guardo sus archivos.', 'media', 'si', 44740429, '2020-12-09 22:13:01', '2020-12-09 22:11:43'),
(58, 44740429, '2020-12-09 19:26:24', 'CAMBIAR EL NOMBRE DE EQUIPO DE LA PC DE NOEMI MEDINA CHILLCCE en EL SERVICIO DE UNIDAD DE SEGUROS SIS (DIGITACIÓN) UBICADO POR PSIQUIATRÍA', 'media', 'si', 45670163, '2020-12-10 08:35:31', '2020-12-09 20:18:36'),
(59, 44740429, '2020-12-10 04:52:27', 'regenerar saldos de farmacia en galenhos el día sábado 12/12/2020 a la 1am', 'media', 'si', 43191416, '2020-12-12 06:57:56', '2020-12-12 06:57:46'),
(60, 44740429, '2020-12-10 04:55:47', 'se deja llaves y tarjeta de acceso a los gds', 'media', 'si', 45670163, '2020-12-10 08:20:48', NULL),
(61, 44740429, '2020-12-10 04:56:01', 'se deja 6 controles remoto y dos discos externos', 'media', 'si', 43605231, '2020-12-10 08:25:52', NULL),
(62, 44740429, '2020-12-13 11:47:23', 'regenerar saldos de farmacia en galenhos el día lunes 14/12/2020 a la 1am', 'media', 'si', 46213633, '2020-12-15 01:25:43', NULL),
(63, 43191416, '2020-12-14 23:40:55', 'mañana a las 7 de la mañana habra telemedicina de referencia llevar la laptop', 'media', 'si', 45670163, '2020-12-15 17:32:57', NULL),
(64, 45670163, '2020-12-15 18:57:50', 'habilitar sala de reunión de dirección para el día miércoles 16/12/2020 horas 08:00 a.m.\r\nel usuario ya cuenta con laptop.\r\n\r\ncoordinar con el ing. rumir (usuario)', 'media', 'no', NULL, NULL, NULL);

-- --------------------------------------------------------

--
-- Estructura de tabla para la tabla `usuario`
--

DROP TABLE IF EXISTS `usuario`;
CREATE TABLE IF NOT EXISTS `usuario` (
  `dni_usu` int(11) NOT NULL AUTO_INCREMENT,
  `user_usu` varchar(20) COLLATE utf8_unicode_ci NOT NULL,
  `passw_usu` varchar(50) COLLATE utf8_unicode_ci NOT NULL,
  `nombres_usu` varchar(50) COLLATE utf8_unicode_ci NOT NULL,
  `apellidos_usu` varchar(50) COLLATE utf8_unicode_ci NOT NULL,
  `celular_usu` int(9) DEFAULT NULL,
  `correo_usu` varchar(100) COLLATE utf8_unicode_ci DEFAULT NULL,
  `fecha_reg_usu` datetime DEFAULT NULL,
  `user_reg_usu` varchar(50) COLLATE utf8_unicode_ci DEFAULT NULL,
  `activo_usu` varchar(2) COLLATE utf8_unicode_ci NOT NULL,
  PRIMARY KEY (`dni_usu`)
) ENGINE=MyISAM AUTO_INCREMENT=46213634 DEFAULT CHARSET=utf8 COLLATE=utf8_unicode_ci;

--
-- Volcado de datos para la tabla `usuario`
--

INSERT INTO `usuario` (`dni_usu`, `user_usu`, `passw_usu`, `nombres_usu`, `apellidos_usu`, `celular_usu`, `correo_usu`, `fecha_reg_usu`, `user_reg_usu`, `activo_usu`) VALUES
(44740429, 'pcuicapusa', '81a43cb888538a0d7ada54d8950c5d5b', 'pablo ronald', 'cuicapusa paucar', 999043078, 'pablo.cuicapusa@hrayacucho.gob.pe', NULL, NULL, 'si'),
(40682205, 'rmitma', 'b58be374afe4117f9262e81f82ee5b30', 'rumir', 'mitma gomez', 973999482, 'rumir.mitma@hrayacucho.gob.pe', NULL, NULL, 'no'),
(43605231, 'rlopez', '87b55fed8d13acbdccf05f7a644447de', 'roberth', 'lopez cardenas', 961001172, 'roberth.lopez@hrayacucho.gob.pe', '2020-11-14 07:30:05', '44740429', 'no'),
(43774097, 'ucalderon', '814970d1f55d5c40a5eff6aab52b0c6d', 'ulf maximo', 'calderon cardenas', 928568539, 'ulf.calderon@hrayacucho.gob.pe', '2020-11-14 08:13:15', '44740429', 'si'),
(46213633, 'epillaca', '8ec8e7f9136a9c2d42a7066dbf6ea68a', 'edmar li', 'pillaca garcia', 918345472, 'edmar.pillaca@hrayacucho.gob.pe', '2020-11-14 08:14:34', '44740429', 'si'),
(43191416, 'ecerda', 'f88c5f4892949508a69c1791b5e0be08', 'efrain', 'cerda cisneros', 938384004, 'efrain.cerda@hrayacucho.gob.pe', '2020-11-14 08:15:36', '44740429', 'si'),
(42564101, 'isoto', 'ceca31b6ad9e432517e18c8167f53ee6', 'igor', 'soto vallejo', 999565522, 'igor.soto@hrayacucho.gob.pe', '2020-11-14 08:16:26', '44740429', 'si'),
(40322576, 'spoma', 'cba7c8aa55bc545cdc0a35cd745df15a', 'santiago jorge', 'poma rodriguez', 939399303, 'santiago.poma@hrayacucho.gob.pe', '2020-11-14 08:17:34', '44740429', 'si'),
(41682533, 'jchavez', '6e0a0fcc9dc1009ea48bc3761dc27b18', 'juan manuel', 'chavez prado', 999262745, 'juan.chavez@hrayacucho.gob.pe', '2020-11-14 08:18:37', '44740429', 'no'),
(45670163, 'jcastro', '202cb962ac59075b964b07152d234b70', 'janet blanca', 'castro quispe', 982474383, 'janet.castro@hrayacucho.gob.pe', '2020-11-24 07:06:05', '44740429', 'no');
COMMIT;

/*!40101 SET CHARACTER_SET_CLIENT=@OLD_CHARACTER_SET_CLIENT */;
/*!40101 SET CHARACTER_SET_RESULTS=@OLD_CHARACTER_SET_RESULTS */;
/*!40101 SET COLLATION_CONNECTION=@OLD_COLLATION_CONNECTION */;
